# LAB = 1 - N = 256 - CODE = original - COMPILER: gcc-9, clang-10
# OBJ = combinar distintas optimizaciones y flags.
# CPU = desktop
Flags,Gflops_Vel,Gflops_Force,Gflops_Verlet,Gflops_total
clang, -O0,0.497745,0.955159,0.008838,0.011478
clang, -O0,0.563416,1.072483,0.008996,0.011687
clang, -O0,0.495156,0.939778,0.008982,0.01167
clang, -O0,0.589009,1.090114,0.008986,0.011677
clang, -O0,0.476929,0.914144,0.009025,0.011726
clang, -O0,0.553069,1.059763,0.008988,0.011679
clang, -O0,0.528413,1.119317,0.00898,0.011669
clang, -O0,0.527952,1.011449,0.008982,0.011672
clang, -O0,0.441472,0.858781,0.008996,0.011688
clang, -O0,0.584801,1.128861,0.00901,0.011708
clang, -O1,0.742314,2.595066,0.021001,0.026993
clang, -O1,0.747167,2.608468,0.020991,0.026983
clang, -O1,0.667953,2.389339,0.020946,0.026924
clang, -O1,0.642763,2.306808,0.020849,0.0268
clang, -O1,0.661814,2.403026,0.021044,0.027049
clang, -O1,0.699574,2.455695,0.020918,0.026885
clang, -O1,0.602994,2.233339,0.021041,0.027043
clang, -O1,0.728804,2.535578,0.020915,0.026876
clang, -O1,0.63204,2.297766,0.020939,0.026903
clang, -O1,0.687192,2.337085,0.020826,0.026771
clang, -O1 -march=native,0.744835,2.609799,0.020897,0.026856
clang, -O1 -march=native,0.633114,2.490949,0.020158,0.025902
clang, -O1 -march=native,0.654068,2.360035,0.020693,0.0266
clang, -O1 -march=native,0.634856,2.322044,0.019967,0.025663
clang, -O1 -march=native,0.576823,2.141703,0.020152,0.025898
clang, -O1 -march=native,0.619452,2.267613,0.020797,0.026729
clang, -O1 -march=native,0.581251,2.158075,0.020442,0.026273
clang, -O1 -march=native,0.657298,2.382659,0.020171,0.025924
clang, -O1 -march=native,0.576171,2.199948,0.02042,0.026246
clang, -O1 -march=native,0.669735,2.410432,0.020101,0.025834
clang, -O1 -march=native -ffast-math,0.721716,2.595144,0.020466,0.026305
clang, -O1 -march=native -ffast-math,0.727917,2.609351,0.020437,0.026267
clang, -O1 -march=native -ffast-math,0.630363,2.340886,0.020493,0.026336
clang, -O1 -march=native -ffast-math,0.598473,2.210537,0.018327,0.023555
clang, -O1 -march=native -ffast-math,0.55776,2.08496,0.017723,0.022778
clang, -O1 -march=native -ffast-math,0.568966,2.111983,0.017668,0.022709
clang, -O1 -march=native -ffast-math,0.557664,2.078189,0.017688,0.022731
clang, -O1 -march=native -ffast-math,0.585989,2.186778,0.01787,0.022963
clang, -O1 -march=native -ffast-math,0.519212,1.979338,0.017629,0.022657
clang, -O1 -march=native -ffast-math,0.603753,2.21856,0.017703,0.022747
clang, -O1 -march=native -funroll-loops,0.628393,2.196656,0.01717,0.022077
clang, -O1 -march=native -funroll-loops,0.617455,2.161139,0.017148,0.022047
clang, -O1 -march=native -funroll-loops,0.595817,2.054032,0.017123,0.022017
clang, -O1 -march=native -funroll-loops,0.617156,2.179293,0.017217,0.022135
clang, -O1 -march=native -funroll-loops,0.575843,2.057396,0.017273,0.022206
clang, -O1 -march=native -funroll-loops,0.589884,2.078948,0.01713,0.022026
clang, -O1 -march=native -funroll-loops,0.543046,1.956806,0.017171,0.022077
clang, -O1 -march=native -funroll-loops,0.544266,1.949072,0.01727,0.022202
clang, -O1 -march=native -funroll-loops,0.569494,2.059458,0.017388,0.022349
clang, -O1 -march=native -funroll-loops,0.555497,1.98838,0.017164,0.022062
clang, -O1 -march=native -ffast-math -funroll-loops,0.622356,2.282606,0.017801,0.022879
clang, -O1 -march=native -ffast-math -funroll-loops,0.627912,2.29828,0.017778,0.022846
clang, -O1 -march=native -ffast-math -funroll-loops,0.542147,2.066073,0.017752,0.022816
clang, -O1 -march=native -ffast-math -funroll-loops,0.683895,2.506593,0.021667,0.027844
clang, -O1 -march=native -ffast-math -funroll-loops,0.547136,2.309081,0.021498,0.02763
clang, -O1 -march=native -ffast-math -funroll-loops,0.578344,2.19686,0.021543,0.027686
clang, -O1 -march=native -ffast-math -funroll-loops,0.662356,2.358714,0.021258,0.027314
clang, -O1 -march=native -ffast-math -funroll-loops,0.589568,2.246873,0.020682,0.026578
clang, -O1 -march=native -ffast-math -funroll-loops,0.600245,2.268319,0.020742,0.026656
clang, -O1 -march=native -ffast-math -funroll-loops,0.645357,2.388785,0.019679,0.025293
clang, -O2,0.620157,2.882309,0.022829,0.029134
clang, -O2,0.626581,2.892343,0.022913,0.029204
clang, -O2,0.593678,2.807295,0.023008,0.029348
clang, -O2,0.573491,2.788212,0.022889,0.029225
clang, -O2,0.551169,2.621385,0.022939,0.02923
clang, -O2,0.543912,2.642343,0.022909,0.029214
clang, -O2,0.595005,2.77716,0.023051,0.029372
clang, -O2,0.564703,2.52236,0.022955,0.02925
clang, -O2,0.584061,2.769756,0.022909,0.029232
clang, -O2,0.581356,2.814834,0.023007,0.029376
clang, -O2 -march=native,0.626897,2.922329,0.022926,0.029215
clang, -O2 -march=native,0.592408,2.858128,0.022975,0.029266
clang, -O2 -march=native,0.593118,2.792198,0.022959,0.029267
clang, -O2 -march=native,0.555102,2.645862,0.023004,0.029338
clang, -O2 -march=native,0.628752,2.920867,0.022897,0.029169
clang, -O2 -march=native,0.654227,3.140645,0.026198,0.033372
clang, -O2 -march=native,0.644919,3.156211,0.026227,0.03341
clang, -O2 -march=native,0.665906,3.132717,0.026234,0.033422
clang, -O2 -march=native,0.698415,3.347084,0.026184,0.033358
clang, -O2 -march=native,0.631958,2.990212,0.02619,0.033367
clang, -O2 -march=native -ffast-math,0.732916,3.48409,0.027387,0.034693
clang, -O2 -march=native -ffast-math,0.696888,3.457784,0.027149,0.03456
clang, -O2 -march=native -ffast-math,0.635472,3.036509,0.027243,0.034679
clang, -O2 -march=native -ffast-math,0.616151,2.934405,0.027289,0.034729
clang, -O2 -march=native -ffast-math,0.663072,3.163901,0.027283,0.034726
clang, -O2 -march=native -ffast-math,0.654236,3.119351,0.027202,0.034622
clang, -O2 -march=native -ffast-math,0.639776,3.024402,0.02731,0.034759
clang, -O2 -march=native -ffast-math,0.68126,3.214739,0.027204,0.034623
clang, -O2 -march=native -ffast-math,0.639911,3.069322,0.027235,0.034669
clang, -O2 -march=native -ffast-math,0.659705,3.149477,0.027316,0.034768
clang, -O2 -march=native -funroll-loops,0.700312,3.328017,0.026469,0.033707
clang, -O2 -march=native -funroll-loops,0.7245,3.231329,0.026214,0.03339
clang, -O2 -march=native -funroll-loops,0.623252,2.810428,0.026318,0.033517
clang, -O2 -march=native -funroll-loops,0.642542,3.20921,0.02629,0.033493
clang, -O2 -march=native -funroll-loops,0.628523,2.969538,0.026336,0.033551
clang, -O2 -march=native -funroll-loops,0.623926,2.976362,0.026291,0.033494
clang, -O2 -march=native -funroll-loops,0.591887,2.892474,0.026245,0.033431
clang, -O2 -march=native -funroll-loops,0.659597,3.141602,0.026285,0.033492
clang, -O2 -march=native -funroll-loops,0.721243,3.40342,0.026343,0.033553
clang, -O2 -march=native -funroll-loops,0.618669,2.978868,0.026205,0.033376
clang, -O2 -march=native -ffast-math -funroll-loops,0.724684,3.461326,0.027151,0.034561
clang, -O2 -march=native -ffast-math -funroll-loops,0.629135,3.487095,0.027257,0.034692
clang, -O2 -march=native -ffast-math -funroll-loops,0.715059,3.319538,0.027283,0.034734
clang, -O2 -march=native -ffast-math -funroll-loops,0.662076,3.211113,0.027079,0.034474
clang, -O2 -march=native -ffast-math -funroll-loops,0.654554,3.120416,0.027317,0.034769
clang, -O2 -march=native -ffast-math -funroll-loops,0.700403,3.296332,0.027203,0.034622
clang, -O2 -march=native -ffast-math -funroll-loops,0.65436,3.124469,0.027369,0.034833
clang, -O2 -march=native -ffast-math -funroll-loops,0.698334,3.270298,0.027163,0.034577
clang, -O2 -march=native -ffast-math -funroll-loops,0.656523,3.153709,0.027422,0.034902
clang, -O2 -march=native -ffast-math -funroll-loops,0.578579,3.50504,0.027253,0.034687
clang, -O3,0.755826,3.427058,0.028356,0.036166
clang, -O3,0.677223,3.507559,0.028409,0.036228
clang, -O3,0.704774,3.218339,0.028253,0.036043
clang, -O3,0.564393,3.062414,0.028519,0.036288
clang, -O3,0.742552,3.455024,0.027573,0.035139
clang, -O3,0.729122,3.36857,0.027117,0.034587
clang, -O3,0.627132,3.014566,0.027443,0.034993
clang, -O3,0.633354,3.011639,0.027244,0.034739
clang, -O3,0.665915,3.184432,0.026699,0.034036
clang, -O3,0.683037,3.195878,0.02697,0.034386
clang, -O3 -march=native,0.59285,3.119418,0.024289,0.030911
clang, -O3 -march=native,0.638436,3.005271,0.023177,0.02952
clang, -O3 -march=native,0.592314,2.847032,0.023346,0.029723
clang, -O3 -march=native,0.60785,2.909605,0.023334,0.029707
clang, -O3 -march=native,0.444555,2.754817,0.023431,0.029833
clang, -O3 -march=native,0.635797,3.013948,0.023207,0.02955
clang, -O3 -march=native,0.546094,2.732083,0.023176,0.029509
clang, -O3 -march=native,0.587759,2.839428,0.02326,0.029616
clang, -O3 -march=native,0.591656,2.775389,0.023244,0.029593
clang, -O3 -march=native,0.563743,2.6976,0.023287,0.029652
clang, -O3 -march=native -ffast-math,0.658531,3.114789,0.02428,0.030892
clang, -O3 -march=native -ffast-math,0.64267,3.105747,0.024379,0.031015
clang, -O3 -march=native -ffast-math,0.589159,2.865092,0.024236,0.030827
clang, -O3 -march=native -ffast-math,0.565724,2.778024,0.024176,0.03076
clang, -O3 -march=native -ffast-math,0.58361,2.979153,0.024333,0.030953
clang, -O3 -march=native -ffast-math,0.544658,2.692922,0.024367,0.030989
clang, -O3 -march=native -ffast-math,0.682123,3.24804,0.028013,0.035622
clang, -O3 -march=native -ffast-math,0.616316,3.09468,0.027576,0.035089
clang, -O3 -march=native -ffast-math,0.604401,3.0505,0.027697,0.035232
clang, -O3 -march=native -ffast-math,0.726597,3.562157,0.02768,0.035216
clang, -O3 -march=native -funroll-loops,0.696117,3.40631,0.026625,0.033907
clang, -O3 -march=native -funroll-loops,0.6947,3.336009,0.026671,0.033961
clang, -O3 -march=native -funroll-loops,0.600721,2.949304,0.026539,0.033819
clang, -O3 -march=native -funroll-loops,0.680935,3.264177,0.026487,0.033723
clang, -O3 -march=native -funroll-loops,0.642227,3.05466,0.026554,0.03382
clang, -O3 -march=native -funroll-loops,0.677119,3.261004,0.026691,0.033986
clang, -O3 -march=native -funroll-loops,0.601422,2.904146,0.026611,0.033876
clang, -O3 -march=native -funroll-loops,0.642866,3.045792,0.026483,0.033718
clang, -O3 -march=native -funroll-loops,0.660083,3.200702,0.026466,0.033696
clang, -O3 -march=native -funroll-loops,0.592249,2.922655,0.026533,0.033782
clang, -O3 -march=native -ffast-math -funroll-loops,0.639497,3.61293,0.027758,0.035321
clang, -O3 -march=native -ffast-math -funroll-loops,0.637495,3.585426,0.027926,0.03552
clang, -O3 -march=native -ffast-math -funroll-loops,0.66685,3.263063,0.027493,0.034985
clang, -O3 -march=native -ffast-math -funroll-loops,0.68656,3.325592,0.027611,0.035135
clang, -O3 -march=native -ffast-math -funroll-loops,0.705276,3.394154,0.0277,0.035233
clang, -O3 -march=native -ffast-math -funroll-loops,0.707645,3.491809,0.027633,0.035149
clang, -O3 -march=native -ffast-math -funroll-loops,0.666988,3.217574,0.027767,0.03532
clang, -O3 -march=native -ffast-math -funroll-loops,0.687905,3.25958,0.027749,0.035303
clang, -O3 -march=native -ffast-math -funroll-loops,0.677176,3.388314,0.027699,0.035077
clang, -O3 -march=native -ffast-math -funroll-loops,0.626427,3.142771,0.027711,0.035252
clang, -Ofast,0.772909,3.485323,0.028314,0.036074
clang, -Ofast,0.787275,3.484058,0.028148,0.03585
clang, -Ofast,0.650844,3.016937,0.02722,0.034493
clang, -Ofast,0.639692,2.87682,0.027212,0.03466
clang, -Ofast,0.65888,3.198329,0.026885,0.034232
clang, -Ofast,0.734883,3.385721,0.027564,0.035114
clang, -Ofast,0.61469,2.901873,0.024149,0.030734
clang, -Ofast,0.5606,2.669445,0.023543,0.02997
clang, -Ofast,0.604589,2.8482,0.023419,0.029822
clang, -Ofast,0.537451,2.57492,0.02362,0.030067
clang, -Ofast -march=native,0.64449,3.117575,0.024192,0.030777
clang, -Ofast -march=native,0.630691,3.058853,0.024309,0.030916
clang, -Ofast -march=native,0.609134,2.995981,0.024296,0.030906
clang, -Ofast -march=native,0.602185,2.983445,0.024199,0.030791
clang, -Ofast -march=native,0.630831,3.13303,0.024566,0.03125
clang, -Ofast -march=native,0.487117,2.767482,0.024239,0.030833
clang, -Ofast -march=native,0.607583,2.957479,0.02425,0.030859
clang, -Ofast -march=native,0.552545,2.758152,0.024495,0.031145
clang, -Ofast -march=native,0.522251,2.886803,0.024229,0.030826
clang, -Ofast -march=native,0.571038,2.796555,0.024286,0.03089
clang, -Ofast -march=native -ffast-math,0.64052,3.122201,0.024458,0.031107
clang, -Ofast -march=native -ffast-math,0.643916,3.121287,0.024182,0.030776
clang, -Ofast -march=native -ffast-math,0.602125,2.961923,0.024358,0.030989
clang, -Ofast -march=native -ffast-math,0.565381,2.78403,0.024226,0.030818
clang, -Ofast -march=native -ffast-math,0.605216,3.078028,0.024292,0.030897
clang, -Ofast -march=native -ffast-math,0.541595,2.990078,0.024287,0.030902
clang, -Ofast -march=native -ffast-math,0.572759,2.792748,0.02439,0.031019
clang, -Ofast -march=native -ffast-math,0.645014,3.134424,0.024216,0.030811
clang, -Ofast -march=native -ffast-math,0.571536,2.7854,0.024372,0.031002
clang, -Ofast -march=native -ffast-math,0.586656,2.871025,0.024283,0.030887
clang, -Ofast -march=native -funroll-loops,0.607896,3.113913,0.024378,0.031003
clang, -Ofast -march=native -funroll-loops,0.65115,3.116278,0.02424,0.030843
clang, -Ofast -march=native -funroll-loops,0.587716,2.82566,0.024186,0.03077
clang, -Ofast -march=native -funroll-loops,0.583864,2.899718,0.024258,0.030857
clang, -Ofast -march=native -funroll-loops,0.59948,2.93025,0.024321,0.030915
clang, -Ofast -march=native -funroll-loops,0.648171,3.1581,0.02456,0.031237
clang, -Ofast -march=native -funroll-loops,0.568332,2.879553,0.024248,0.030845
clang, -Ofast -march=native -funroll-loops,0.581133,2.947676,0.024237,0.03084
clang, -Ofast -march=native -funroll-loops,0.634648,3.112795,0.024435,0.031083
clang, -Ofast -march=native -funroll-loops,0.603197,2.962111,0.024304,0.030919
clang, -Ofast -march=native -ffast-math -funroll-loops,0.62298,3.094924,0.024489,0.031116
clang, -Ofast -march=native -ffast-math -funroll-loops,0.622692,3.063441,0.024227,0.030822
clang, -Ofast -march=native -ffast-math -funroll-loops,0.601258,2.969864,0.024362,0.030984
clang, -Ofast -march=native -ffast-math -funroll-loops,0.573539,2.808059,0.024247,0.030848
clang, -Ofast -march=native -ffast-math -funroll-loops,0.522916,3.087003,0.024306,0.030918
clang, -Ofast -march=native -ffast-math -funroll-loops,0.552633,2.780359,0.024329,0.030945
clang, -Ofast -march=native -ffast-math -funroll-loops,0.569715,2.940791,0.024256,0.030863
clang, -Ofast -march=native -ffast-math -funroll-loops,0.258646,3.343731,0.027847,0.035419
clang, -Ofast -march=native -ffast-math -funroll-loops,0.682537,3.374563,0.027813,0.035387
clang, -Ofast -march=native -ffast-math -funroll-loops,0.679531,3.336421,0.027672,0.035203
gcc, -O0,0.534039,1.297548,0.010933,0.014131
gcc, -O0,0.44826,1.245816,0.009685,0.012552
gcc, -O0,0.408808,1.075499,0.009035,0.01171
gcc, -O0,0.393497,1.015879,0.008999,0.011662
gcc, -O0,0.419929,1.085402,0.009031,0.011706
gcc, -O0,0.392604,1.019013,0.009038,0.011714
gcc, -O0,0.413631,1.093198,0.009014,0.011682
gcc, -O0,0.449466,1.157566,0.009039,0.011716
gcc, -O0,0.417598,1.073285,0.009061,0.011744
gcc, -O0,0.439582,1.135878,0.00902,0.011692
gcc, -O1,0.620007,2.174189,0.016903,0.021729
gcc, -O1,0.608346,2.116507,0.016752,0.021543
gcc, -O1,0.553302,1.949814,0.016776,0.021574
gcc, -O1,0.547111,1.946204,0.016726,0.021512
gcc, -O1,0.623324,2.173022,0.016859,0.021681
gcc, -O1,0.561139,1.962393,0.016757,0.02155
gcc, -O1,0.592908,2.087771,0.01673,0.021517
gcc, -O1,0.581747,2.057807,0.016798,0.021603
gcc, -O1,0.570527,2.008406,0.016783,0.021581
gcc, -O1,0.630224,2.184457,0.020384,0.026213
gcc, -O1 -march=native,0.730144,2.539768,0.020842,0.026793
gcc, -O1 -march=native,0.755178,2.573764,0.020658,0.02656
gcc, -O1 -march=native,0.646692,2.276678,0.020742,0.026661
gcc, -O1 -march=native,0.645761,2.27341,0.020212,0.025984
gcc, -O1 -march=native,0.634606,2.259126,0.020128,0.025873
gcc, -O1 -march=native,0.563429,2.058697,0.019913,0.025595
gcc, -O1 -march=native,0.590956,2.126081,0.019923,0.025607
gcc, -O1 -march=native,0.610446,2.197167,0.019859,0.025529
gcc, -O1 -march=native,0.664582,2.375633,0.019833,0.025497
gcc, -O1 -march=native,0.595839,2.163586,0.019909,0.02559
gcc, -O1 -march=native -ffast-math,0.728727,2.891028,0.023339,0.029823
gcc, -O1 -march=native -ffast-math,0.696948,2.780597,0.022745,0.029135
gcc, -O1 -march=native -ffast-math,0.610169,2.457185,0.023419,0.029993
gcc, -O1 -march=native -ffast-math,0.576541,2.376015,0.021088,0.027008
gcc, -O1 -march=native -ffast-math,0.640106,2.58129,0.020251,0.025938
gcc, -O1 -march=native -ffast-math,0.640495,2.578222,0.020172,0.02584
gcc, -O1 -march=native -ffast-math,0.555013,2.262183,0.020088,0.025735
gcc, -O1 -march=native -ffast-math,0.629708,2.499544,0.020057,0.025698
gcc, -O1 -march=native -ffast-math,0.546272,2.230547,0.020136,0.025795
gcc, -O1 -march=native -ffast-math,0.530467,2.183787,0.020143,0.025803
gcc, -O1 -march=native -funroll-loops,0.601878,2.171488,0.017324,0.022265
gcc, -O1 -march=native -funroll-loops,0.606359,2.138914,0.017181,0.022089
gcc, -O1 -march=native -funroll-loops,0.554518,2.013614,0.017283,0.022218
gcc, -O1 -march=native -funroll-loops,0.586145,2.097996,0.017162,0.022063
gcc, -O1 -march=native -funroll-loops,0.555446,1.993155,0.017174,0.022079
gcc, -O1 -march=native -funroll-loops,0.591778,2.112037,0.01726,0.022184
gcc, -O1 -march=native -funroll-loops,0.547482,1.983386,0.01715,0.022049
gcc, -O1 -march=native -funroll-loops,0.584244,2.111165,0.017337,0.022285
gcc, -O1 -march=native -funroll-loops,0.606246,2.182986,0.01721,0.022125
gcc, -O1 -march=native -funroll-loops,0.554512,2.016375,0.017162,0.022064
gcc, -O1 -march=native -floop-block,0.630207,2.20726,0.017145,0.022042
gcc, -O1 -march=native -floop-block,0.631744,2.208637,0.017134,0.022028
gcc, -O1 -march=native -floop-block,0.59529,2.100224,0.017119,0.022007
gcc, -O1 -march=native -floop-block,0.619571,2.188013,0.015204,0.019593
gcc, -O1 -march=native -floop-block,0.574171,2.060203,0.017196,0.022106
gcc, -O1 -march=native -floop-block,0.552678,1.975358,0.01711,0.021997
gcc, -O1 -march=native -floop-block,0.535437,1.941628,0.017074,0.021951
gcc, -O1 -march=native -floop-block,0.564578,2.009854,0.017238,0.022155
gcc, -O1 -march=native -floop-block,0.605738,2.128774,0.017128,0.022019
gcc, -O1 -march=native -floop-block,0.588244,2.085217,0.017094,0.021977
gcc, -O1 -march=native -ffast-math -funroll-loops,0.633387,2.679496,0.020933,0.026794
gcc, -O1 -march=native -ffast-math -funroll-loops,0.6265,2.673116,0.020909,0.026766
gcc, -O1 -march=native -ffast-math -funroll-loops,0.682306,2.838169,0.025275,0.032352
gcc, -O1 -march=native -ffast-math -funroll-loops,0.5611,2.689758,0.025214,0.032277
gcc, -O1 -march=native -ffast-math -funroll-loops,0.602282,2.587791,0.024224,0.031005
gcc, -O1 -march=native -ffast-math -funroll-loops,0.593438,2.545282,0.024263,0.031056
gcc, -O1 -march=native -ffast-math -funroll-loops,0.559532,2.414893,0.021339,0.027312
gcc, -O1 -march=native -ffast-math -funroll-loops,0.586471,2.521565,0.020935,0.026794
gcc, -O1 -march=native -ffast-math -funroll-loops,0.536706,2.344851,0.020929,0.026789
gcc, -O1 -march=native -ffast-math -funroll-loops,0.586776,2.499023,0.020937,0.0268
gcc, -O1 -march=native -ffast-math -floop-block,0.638991,2.576999,0.020184,0.025811
gcc, -O1 -march=native -ffast-math -floop-block,0.640123,2.587915,0.020298,0.025998
gcc, -O1 -march=native -ffast-math -floop-block,0.598207,2.408006,0.020049,0.025687
gcc, -O1 -march=native -ffast-math -floop-block,0.573403,2.32916,0.020081,0.025725
gcc, -O1 -march=native -ffast-math -floop-block,0.572644,2.335952,0.020122,0.025776
gcc, -O1 -march=native -ffast-math -floop-block,0.598703,2.40038,0.020128,0.025783
gcc, -O1 -march=native -ffast-math -floop-block,0.594166,2.249194,0.020046,0.025678
gcc, -O1 -march=native -ffast-math -floop-block,0.602627,2.432464,0.020226,0.025907
gcc, -O1 -march=native -ffast-math -floop-block,0.568953,2.306607,0.020107,0.025747
gcc, -O1 -march=native -ffast-math -floop-block,0.567633,2.273873,0.02026,0.025948
gcc, -O1 -march=native -funroll-loops -floop-block,0.609387,2.180067,0.017244,0.022167
gcc, -O1 -march=native -funroll-loops -floop-block,0.627376,2.219213,0.017209,0.022123
gcc, -O1 -march=native -funroll-loops -floop-block,0.552949,2.002725,0.017179,0.022086
gcc, -O1 -march=native -funroll-loops -floop-block,0.520383,1.903504,0.017188,0.022096
gcc, -O1 -march=native -funroll-loops -floop-block,0.577311,2.084667,0.017218,0.022136
gcc, -O1 -march=native -funroll-loops -floop-block,0.568279,2.070355,0.017217,0.022132
gcc, -O1 -march=native -funroll-loops -floop-block,0.554797,1.982247,0.017187,0.022095
gcc, -O1 -march=native -funroll-loops -floop-block,0.5436,1.9874,0.017219,0.022137
gcc, -O1 -march=native -funroll-loops -floop-block,0.555643,2.002782,0.017177,0.022083
gcc, -O1 -march=native -funroll-loops -floop-block,0.57054,1.982316,0.017161,0.022062
gcc, -O1 -march=native -ffast-math -funroll-loops -floop-block,0.613289,2.598701,0.020862,0.026702
gcc, -O1 -march=native -ffast-math -funroll-loops -floop-block,0.623244,2.623672,0.020814,0.026642
gcc, -O1 -march=native -ffast-math -funroll-loops -floop-block,0.58858,2.531635,0.020897,0.026749
gcc, -O1 -march=native -ffast-math -funroll-loops -floop-block,0.477032,2.302708,0.020796,0.026622
gcc, -O1 -march=native -ffast-math -funroll-loops -floop-block,0.591403,2.526395,0.020896,0.026745
gcc, -O1 -march=native -ffast-math -funroll-loops -floop-block,0.56991,2.466903,0.021096,0.026997
gcc, -O1 -march=native -ffast-math -funroll-loops -floop-block,0.589697,2.535059,0.020906,0.026759
gcc, -O1 -march=native -ffast-math -funroll-loops -floop-block,0.621629,2.673743,0.020945,0.026806
gcc, -O1 -march=native -ffast-math -funroll-loops -floop-block,0.560444,2.696238,0.025267,0.032337
gcc, -O1 -march=native -ffast-math -funroll-loops -floop-block,0.642576,2.688389,0.025275,0.032339
gcc, -O2,0.745569,3.230449,0.027042,0.034479
gcc, -O2,0.770647,3.414385,0.027269,0.034767
gcc, -O2,0.651457,3.028951,0.027236,0.034724
gcc, -O2,0.664463,3.050351,0.027182,0.034665
gcc, -O2,0.693298,2.779205,0.024464,0.031284
gcc, -O2,0.705893,3.412615,0.027398,0.034928
gcc, -O2,0.647453,3.049444,0.027466,0.035004
gcc, -O2,0.693457,3.009669,0.027304,0.034815
gcc, -O2,0.653636,3.029102,0.026555,0.033859
gcc, -O2,0.725824,3.298057,0.026091,0.033258
gcc, -O2 -march=native,0.712871,3.365875,0.026997,0.034337
gcc, -O2 -march=native,0.721071,3.390117,0.027154,0.034538
gcc, -O2 -march=native,0.693417,3.225321,0.027063,0.034418
gcc, -O2 -march=native,0.608186,2.992488,0.027236,0.034632
gcc, -O2 -march=native,0.592212,2.82322,0.024338,0.030952
gcc, -O2 -march=native,0.644259,3.037385,0.023401,0.029755
gcc, -O2 -march=native,0.560347,2.693474,0.023327,0.029552
gcc, -O2 -march=native,0.550793,2.588834,0.023308,0.029637
gcc, -O2 -march=native,0.646658,3.032569,0.023435,0.029797
gcc, -O2 -march=native,0.572292,2.731329,0.023368,0.029712
gcc, -O2 -march=native -ffast-math,0.650477,3.643005,0.028538,0.036055
gcc, -O2 -march=native -ffast-math,0.645942,3.695248,0.028512,0.036059
gcc, -O2 -march=native -ffast-math,0.556141,3.201055,0.028585,0.036129
gcc, -O2 -march=native -ffast-math,0.552678,3.437456,0.028507,0.03603
gcc, -O2 -march=native -ffast-math,0.607484,3.441692,0.028548,0.036057
gcc, -O2 -march=native -ffast-math,0.616183,3.497324,0.028381,0.035878
gcc, -O2 -march=native -ffast-math,0.616277,3.486936,0.028556,0.036083
gcc, -O2 -march=native -ffast-math,0.560198,3.196543,0.028421,0.035914
gcc, -O2 -march=native -ffast-math,0.552067,3.188584,0.028385,0.035867
gcc, -O2 -march=native -ffast-math,0.570178,3.298094,0.028626,0.036214
gcc, -O2 -march=native -funroll-loops,0.627051,2.982602,0.023098,0.029399
gcc, -O2 -march=native -funroll-loops,0.610954,2.939128,0.02299,0.029264
gcc, -O2 -march=native -funroll-loops,0.545983,2.664988,0.022787,0.029016
gcc, -O2 -march=native -funroll-loops,0.587516,2.807288,0.022891,0.029148
gcc, -O2 -march=native -funroll-loops,0.586769,2.804767,0.023065,0.029362
gcc, -O2 -march=native -funroll-loops,0.558011,2.664467,0.022946,0.029215
gcc, -O2 -march=native -funroll-loops,0.516759,2.599824,0.023053,0.029343
gcc, -O2 -march=native -funroll-loops,0.569541,2.774613,0.02281,0.029037
gcc, -O2 -march=native -funroll-loops,0.627043,2.981673,0.022988,0.029262
gcc, -O2 -march=native -funroll-loops,0.514499,2.540408,0.023029,0.029312
gcc, -O2 -march=native -floop-block,0.653954,3.028938,0.023319,0.029654
gcc, -O2 -march=native -floop-block,0.647548,3.054455,0.023242,0.029559
gcc, -O2 -march=native -floop-block,0.604401,2.890094,0.023221,0.029531
gcc, -O2 -march=native -floop-block,0.591887,2.785941,0.023361,0.029703
gcc, -O2 -march=native -floop-block,0.653046,3.031773,0.023399,0.029704
gcc, -O2 -march=native -floop-block,0.608247,2.908644,0.023322,0.029657
gcc, -O2 -march=native -floop-block,0.701234,3.228871,0.028132,0.035787
gcc, -O2 -march=native -floop-block,0.657396,3.122208,0.028264,0.035947
gcc, -O2 -march=native -floop-block,0.671917,3.161882,0.028373,0.036085
gcc, -O2 -march=native -floop-block,0.61381,2.984375,0.028186,0.035854
gcc, -O2 -march=native -ffast-math -funroll-loops,0.67877,4.133946,0.034075,0.0432
gcc, -O2 -march=native -ffast-math -funroll-loops,0.684561,4.160255,0.034231,0.043388
gcc, -O2 -march=native -ffast-math -funroll-loops,0.703535,3.843106,0.0342,0.04333
gcc, -O2 -march=native -ffast-math -funroll-loops,0.64058,3.551804,0.034024,0.043137
gcc, -O2 -march=native -ffast-math -funroll-loops,0.653618,3.651381,0.034009,0.043125
gcc, -O2 -march=native -ffast-math -funroll-loops,0.701946,3.924131,0.034041,0.043158
gcc, -O2 -march=native -ffast-math -funroll-loops,0.71369,3.864014,0.033789,0.042829
gcc, -O2 -march=native -ffast-math -funroll-loops,0.632758,3.613536,0.032615,0.041351
gcc, -O2 -march=native -ffast-math -funroll-loops,0.641563,3.719194,0.03064,0.038825
gcc, -O2 -march=native -ffast-math -funroll-loops,0.540339,3.268947,0.028213,0.03571
gcc, -O2 -march=native -ffast-math -floop-block,0.64091,3.688435,0.028733,0.036328
gcc, -O2 -march=native -ffast-math -floop-block,0.606967,3.658889,0.02869,0.036266
gcc, -O2 -march=native -ffast-math -floop-block,0.595692,3.274252,0.028204,0.03565
gcc, -O2 -march=native -ffast-math -floop-block,0.579333,3.416135,0.028429,0.035931
gcc, -O2 -march=native -ffast-math -floop-block,0.573396,3.289632,0.028383,0.035871
gcc, -O2 -march=native -ffast-math -floop-block,0.556703,3.184216,0.028446,0.035937
gcc, -O2 -march=native -ffast-math -floop-block,0.576,3.332428,0.028727,0.036332
gcc, -O2 -march=native -ffast-math -floop-block,0.545461,3.194395,0.02852,0.036044
gcc, -O2 -march=native -ffast-math -floop-block,0.602432,3.410038,0.028452,0.03596
gcc, -O2 -march=native -ffast-math -floop-block,0.619753,3.482503,0.028307,0.035778
gcc, -O2 -march=native -funroll-loops -floop-block,0.61346,2.928148,0.022911,0.02917
gcc, -O2 -march=native -funroll-loops -floop-block,0.607325,2.898336,0.022878,0.029125
gcc, -O2 -march=native -funroll-loops -floop-block,0.576988,2.770564,0.023065,0.029359
gcc, -O2 -march=native -funroll-loops -floop-block,0.578648,2.7694,0.022883,0.029133
gcc, -O2 -march=native -funroll-loops -floop-block,0.540496,2.637604,0.023063,0.029355
gcc, -O2 -march=native -funroll-loops -floop-block,0.549631,2.673413,0.022973,0.02924
gcc, -O2 -march=native -funroll-loops -floop-block,0.570366,2.797729,0.02298,0.029253
gcc, -O2 -march=native -funroll-loops -floop-block,0.545485,2.645168,0.022886,0.02914
gcc, -O2 -march=native -funroll-loops -floop-block,0.581105,2.791811,0.022985,0.02926
gcc, -O2 -march=native -funroll-loops -floop-block,0.630248,2.972564,0.023085,0.029384
gcc, -O2 -march=native -ffast-math -funroll-loops -floop-block,0.604212,3.495599,0.028245,0.035737
gcc, -O2 -march=native -ffast-math -funroll-loops -floop-block,0.638671,3.626329,0.028316,0.035861
gcc, -O2 -march=native -ffast-math -funroll-loops -floop-block,0.542991,3.194242,0.028056,0.035497
gcc, -O2 -march=native -ffast-math -funroll-loops -floop-block,0.580457,3.389716,0.028044,0.035521
gcc, -O2 -march=native -ffast-math -funroll-loops -floop-block,0.690679,3.817114,0.034169,0.043316
gcc, -O2 -march=native -ffast-math -funroll-loops -floop-block,0.601228,3.317276,0.03419,0.043332
gcc, -O2 -march=native -ffast-math -funroll-loops -floop-block,0.713827,3.892405,0.034214,0.043367
gcc, -O2 -march=native -ffast-math -funroll-loops -floop-block,0.628605,3.483789,0.034086,0.043208
gcc, -O2 -march=native -ffast-math -funroll-loops -floop-block,0.648892,3.652606,0.034188,0.043335
gcc, -O2 -march=native -ffast-math -funroll-loops -floop-block,0.603618,3.423826,0.034194,0.043338
gcc, -O3,0.761157,3.288758,0.027262,0.034749
gcc, -O3,0.591974,3.39293,0.026535,0.033815
gcc, -O3,0.60573,2.841526,0.026551,0.033839
gcc, -O3,0.611857,2.912604,0.026693,0.034027
gcc, -O3,0.60343,2.758834,0.025709,0.032758
gcc, -O3,0.707511,3.153182,0.026199,0.033393
gcc, -O3,0.718409,3.183307,0.026709,0.034046
gcc, -O3,0.694272,3.118741,0.02596,0.033089
gcc, -O3,0.653618,2.987247,0.026584,0.033889
gcc, -O3,0.518357,2.93334,0.026335,0.033562
gcc, -O3 -march=native,0.746074,3.36685,0.026137,0.033293
gcc, -O3 -march=native,0.649327,3.38137,0.026218,0.033392
gcc, -O3 -march=native,0.657976,3.083823,0.026143,0.033298
gcc, -O3 -march=native,0.591064,2.816557,0.026325,0.033517
gcc, -O3 -march=native,0.630109,2.941132,0.025983,0.033095
gcc, -O3 -march=native,0.601579,2.797737,0.026152,0.033302
gcc, -O3 -march=native,0.637629,2.980051,0.026297,0.033488
gcc, -O3 -march=native,0.600796,2.853559,0.025979,0.033089
gcc, -O3 -march=native,0.548536,3.350432,0.0261,0.033238
gcc, -O3 -march=native,0.646563,2.978549,0.026201,0.033368
gcc, -O3 -march=native -ffast-math,0.736794,4.098778,0.03223,0.040827
gcc, -O3 -march=native -ffast-math,0.719113,4.067618,0.031941,0.04047
gcc, -O3 -march=native -ffast-math,0.626152,3.492126,0.032013,0.0405
gcc, -O3 -march=native -ffast-math,0.574675,3.235486,0.029252,0.037037
gcc, -O3 -march=native -ffast-math,0.590783,3.356056,0.028349,0.035913
gcc, -O3 -march=native -ffast-math,0.576871,3.237467,0.028513,0.03609
gcc, -O3 -march=native -ffast-math,0.57261,3.224058,0.028296,0.03583
gcc, -O3 -march=native -ffast-math,0.570205,3.204418,0.028257,0.035763
gcc, -O3 -march=native -ffast-math,0.59136,3.192039,0.028114,0.035623
gcc, -O3 -march=native -ffast-math,0.578634,3.203704,0.028294,0.035825
gcc, -O3 -march=native -funroll-loops,0.592306,2.939065,0.022974,0.029251
gcc, -O3 -march=native -funroll-loops,0.590473,2.95138,0.0231,0.029414
gcc, -O3 -march=native -funroll-loops,0.560302,2.682022,0.023023,0.029316
gcc, -O3 -march=native -funroll-loops,0.558294,2.692885,0.022797,0.029038
gcc, -O3 -march=native -funroll-loops,0.581621,2.810464,0.022921,0.029171
gcc, -O3 -march=native -funroll-loops,0.569381,2.741219,0.022884,0.029145
gcc, -O3 -march=native -funroll-loops,0.576802,2.753618,0.023018,0.029313
gcc, -O3 -march=native -funroll-loops,0.584237,2.783224,0.022859,0.02911
gcc, -O3 -march=native -funroll-loops,0.577043,2.758364,0.023134,0.029454
gcc, -O3 -march=native -funroll-loops,0.528949,2.541285,0.022871,0.029126
gcc, -O3 -march=native -floop-block,0.649022,2.929168,0.022962,0.029243
gcc, -O3 -march=native -floop-block,0.647833,2.948039,0.02281,0.029051
gcc, -O3 -march=native -floop-block,0.546303,2.526585,0.022846,0.029094
gcc, -O3 -march=native -floop-block,0.581844,2.712403,0.023032,0.029331
gcc, -O3 -march=native -floop-block,0.659768,2.800907,0.022853,0.029105
gcc, -O3 -march=native -floop-block,0.589102,2.674242,0.022988,0.029274
gcc, -O3 -march=native -floop-block,0.566936,2.573404,0.022861,0.029118
gcc, -O3 -march=native -floop-block,0.636423,2.974735,0.026123,0.033272
gcc, -O3 -march=native -floop-block,0.622844,3.355966,0.026113,0.033258
gcc, -O3 -march=native -floop-block,0.591093,3.175636,0.026224,0.033397
gcc, -O3 -march=native -ffast-math -funroll-loops,0.702312,4.104684,0.032429,0.041105
gcc, -O3 -march=native -ffast-math -funroll-loops,0.592227,4.156831,0.032674,0.041392
gcc, -O3 -march=native -ffast-math -funroll-loops,0.6167,3.603602,0.032724,0.041419
gcc, -O3 -march=native -ffast-math -funroll-loops,0.639371,3.743181,0.032432,0.041015
gcc, -O3 -march=native -ffast-math -funroll-loops,0.631069,3.70793,0.032631,0.041331
gcc, -O3 -march=native -ffast-math -funroll-loops,0.639793,3.652019,0.032488,0.041092
gcc, -O3 -march=native -ffast-math -funroll-loops,0.676788,3.632733,0.032449,0.04104
gcc, -O3 -march=native -ffast-math -funroll-loops,0.735754,4.145007,0.032523,0.041157
gcc, -O3 -march=native -ffast-math -funroll-loops,0.630535,3.635586,0.032307,0.040888
gcc, -O3 -march=native -ffast-math -funroll-loops,0.680782,3.949282,0.032586,0.041218
gcc, -O3 -march=native -ffast-math -floop-block,0.687885,4.026985,0.032202,0.040822
gcc, -O3 -march=native -ffast-math -floop-block,0.649248,4.084965,0.031738,0.040202
gcc, -O3 -march=native -ffast-math -floop-block,0.675703,3.855409,0.031863,0.040404
gcc, -O3 -march=native -ffast-math -floop-block,0.647089,3.569452,0.031862,0.040332
gcc, -O3 -march=native -ffast-math -floop-block,0.682267,3.855077,0.031679,0.040172
gcc, -O3 -march=native -ffast-math -floop-block,0.686219,3.805685,0.031609,0.040071
gcc, -O3 -march=native -ffast-math -floop-block,0.735776,4.118884,0.031875,0.040401
gcc, -O3 -march=native -ffast-math -floop-block,0.620555,3.872633,0.031997,0.040565
gcc, -O3 -march=native -ffast-math -floop-block,0.647652,3.627593,0.031883,0.040412
gcc, -O3 -march=native -ffast-math -floop-block,0.661859,3.883856,0.031953,0.040491
gcc, -O3 -march=native -funroll-loops -floop-block,0.709791,3.377582,0.02625,0.033431
gcc, -O3 -march=native -funroll-loops -floop-block,0.526438,3.388675,0.026291,0.03348
gcc, -O3 -march=native -funroll-loops -floop-block,0.626484,3.058576,0.024891,0.031683
gcc, -O3 -march=native -funroll-loops -floop-block,0.528655,2.658487,0.023068,0.029376
gcc, -O3 -march=native -funroll-loops -floop-block,0.603039,2.895417,0.023001,0.029292
gcc, -O3 -march=native -funroll-loops -floop-block,0.58936,2.814005,0.023243,0.029589
gcc, -O3 -march=native -funroll-loops -floop-block,0.579208,2.793173,0.022963,0.029245
gcc, -O3 -march=native -funroll-loops -floop-block,0.556313,2.741548,0.022992,0.02928
gcc, -O3 -march=native -funroll-loops -floop-block,0.567201,2.728239,0.023041,0.02934
gcc, -O3 -march=native -funroll-loops -floop-block,0.541753,2.58763,0.022971,0.029254
gcc, -O3 -march=native -ffast-math -funroll-loops -floop-block,0.640469,3.655068,0.028537,0.036121
gcc, -O3 -march=native -ffast-math -funroll-loops -floop-block,0.616857,3.621081,0.028713,0.036303
gcc, -O3 -march=native -ffast-math -funroll-loops -floop-block,0.532203,3.033359,0.028517,0.036135
gcc, -O3 -march=native -ffast-math -funroll-loops -floop-block,0.528701,3.15094,0.028333,0.035903
gcc, -O3 -march=native -ffast-math -funroll-loops -floop-block,0.596661,3.440301,0.028577,0.036151
gcc, -O3 -march=native -ffast-math -funroll-loops -floop-block,0.532987,3.383956,0.028507,0.03611
gcc, -O3 -march=native -ffast-math -funroll-loops -floop-block,0.596683,3.434332,0.028463,0.035997
gcc, -O3 -march=native -ffast-math -funroll-loops -floop-block,0.553587,3.363215,0.028443,0.036011
gcc, -O3 -march=native -ffast-math -funroll-loops -floop-block,0.565797,3.222613,0.028212,0.03576
gcc, -O3 -march=native -ffast-math -funroll-loops -floop-block,0.602784,3.478027,0.028425,0.03599
gcc, -Ofast,0.659418,3.009211,0.023129,0.029445
gcc, -Ofast,0.658271,3.008868,0.023143,0.029458
gcc, -Ofast,0.497883,2.697818,0.023081,0.029383
gcc, -Ofast,0.60508,2.78979,0.023163,0.029486
gcc, -Ofast,0.658826,2.973207,0.02297,0.029243
gcc, -Ofast,0.613088,2.843745,0.023103,0.029413
gcc, -Ofast,0.740103,3.25511,0.028071,0.035737
gcc, -Ofast,0.735709,3.260838,0.027898,0.035522
gcc, -Ofast,0.755626,3.307863,0.027901,0.035525
gcc, -Ofast,0.668211,3.074644,0.027867,0.03547
gcc, -Ofast -march=native,0.704876,4.017811,0.032064,0.040567
gcc, -Ofast -march=native,0.65703,4.15316,0.032359,0.040951
gcc, -Ofast -march=native,0.648223,3.697816,0.032341,0.040958
gcc, -Ofast -march=native,0.677811,3.782089,0.032286,0.040889
gcc, -Ofast -march=native,0.618298,3.518773,0.032455,0.041033
gcc, -Ofast -march=native,0.693179,3.886327,0.032061,0.040575
gcc, -Ofast -march=native,0.594129,3.636561,0.032275,0.040825
gcc, -Ofast -march=native,0.691823,3.850572,0.032176,0.040716
gcc, -Ofast -march=native,0.659238,3.68936,0.032368,0.04099
gcc, -Ofast -march=native,0.691962,3.930032,0.032318,0.040882
gcc, -Ofast -march=native -ffast-math,0.732583,4.106804,0.032476,0.041066
gcc, -Ofast -march=native -ffast-math,0.57124,4.15269,0.032535,0.041146
gcc, -Ofast -march=native -ffast-math,0.697701,3.903856,0.032214,0.040812
gcc, -Ofast -march=native -ffast-math,0.611741,3.42871,0.032218,0.040788
gcc, -Ofast -march=native -ffast-math,0.642789,3.656841,0.032396,0.041005
gcc, -Ofast -march=native -ffast-math,0.643036,3.606241,0.03209,0.040634
gcc, -Ofast -march=native -ffast-math,0.714322,4.121134,0.032225,0.040778
gcc, -Ofast -march=native -ffast-math,0.641181,3.711591,0.032493,0.041137
gcc, -Ofast -march=native -ffast-math,0.627278,3.636642,0.03184,0.040292
gcc, -Ofast -march=native -ffast-math,0.641495,3.621864,0.032248,0.040851
gcc, -Ofast -march=native -funroll-loops,0.717813,4.159238,0.032714,0.041455
gcc, -Ofast -march=native -funroll-loops,0.567334,4.065602,0.031806,0.040271
gcc, -Ofast -march=native -funroll-loops,0.629397,3.655067,0.031463,0.039807
gcc, -Ofast -march=native -funroll-loops,0.575665,3.404169,0.028198,0.035703
gcc, -Ofast -march=native -funroll-loops,0.556307,3.437874,0.028588,0.036155
gcc, -Ofast -march=native -funroll-loops,0.577676,3.4546,0.028613,0.036233
gcc, -Ofast -march=native -funroll-loops,0.542541,3.188158,0.028592,0.036161
gcc, -Ofast -march=native -funroll-loops,0.54955,3.246235,0.028449,0.03604
gcc, -Ofast -march=native -funroll-loops,0.596125,3.395602,0.028452,0.035992
gcc, -Ofast -march=native -funroll-loops,0.586173,3.40933,0.028699,0.036317
gcc, -Ofast -march=native -floop-block,0.650285,3.595463,0.02811,0.03564
gcc, -Ofast -march=native -floop-block,0.602889,3.408834,0.027853,0.035328
gcc, -Ofast -march=native -floop-block,0.586031,3.269619,0.027875,0.035345
gcc, -Ofast -march=native -floop-block,0.562095,3.170907,0.027734,0.035155
gcc, -Ofast -march=native -floop-block,0.610993,3.331284,0.027798,0.035243
gcc, -Ofast -march=native -floop-block,0.564163,3.117239,0.027949,0.035394
gcc, -Ofast -march=native -floop-block,0.610947,3.362257,0.02785,0.035312
gcc, -Ofast -march=native -floop-block,0.579319,3.16894,0.027808,0.035218
gcc, -Ofast -march=native -floop-block,0.547124,3.047176,0.027942,0.035431
gcc, -Ofast -march=native -floop-block,0.61195,3.387899,0.028074,0.035575
gcc, -Ofast -march=native -ffast-math -funroll-loops,0.63439,3.681282,0.028602,0.036228
gcc, -Ofast -march=native -ffast-math -funroll-loops,0.605428,3.670611,0.028536,0.036111
gcc, -Ofast -march=native -ffast-math -funroll-loops,0.592567,3.427842,0.028496,0.036064
gcc, -Ofast -march=native -ffast-math -funroll-loops,0.58461,3.421446,0.028458,0.036054
gcc, -Ofast -march=native -ffast-math -funroll-loops,0.595751,3.41754,0.028569,0.036149
gcc, -Ofast -march=native -ffast-math -funroll-loops,0.560814,3.287286,0.028705,0.036328
gcc, -Ofast -march=native -ffast-math -funroll-loops,0.603557,3.471094,0.028467,0.035993
gcc, -Ofast -march=native -ffast-math -funroll-loops,0.67463,3.875482,0.032354,0.040924
gcc, -Ofast -march=native -ffast-math -funroll-loops,0.620205,3.523407,0.032299,0.040923
gcc, -Ofast -march=native -ffast-math -funroll-loops,0.714353,4.108893,0.032536,0.041163
gcc, -Ofast -march=native -ffast-math -floop-block,0.725074,4.002499,0.032007,0.040536
gcc, -Ofast -march=native -ffast-math -floop-block,0.734761,4.083914,0.032045,0.040576
gcc, -Ofast -march=native -ffast-math -floop-block,0.641529,3.438162,0.031871,0.040398
gcc, -Ofast -march=native -ffast-math -floop-block,0.639067,3.361898,0.031767,0.040213
gcc, -Ofast -march=native -ffast-math -floop-block,0.625691,3.572853,0.032116,0.040664
gcc, -Ofast -march=native -ffast-math -floop-block,0.645598,3.57515,0.031964,0.040515
gcc, -Ofast -march=native -ffast-math -floop-block,0.686083,3.887115,0.03219,0.040798
gcc, -Ofast -march=native -ffast-math -floop-block,0.652009,3.666196,0.03207,0.040611
gcc, -Ofast -march=native -ffast-math -floop-block,0.679312,3.776959,0.032021,0.040566
gcc, -Ofast -march=native -ffast-math -floop-block,0.682277,3.772923,0.031757,0.04021
gcc, -Ofast -march=native -funroll-loops -floop-block,0.58843,4.163458,0.032604,0.041281
gcc, -Ofast -march=native -funroll-loops -floop-block,0.69065,4.123546,0.032784,0.041495
gcc, -Ofast -march=native -funroll-loops -floop-block,0.670829,3.923178,0.032798,0.041538
gcc, -Ofast -march=native -funroll-loops -floop-block,0.657673,3.812626,0.032599,0.041321
gcc, -Ofast -march=native -funroll-loops -floop-block,0.63162,3.64689,0.032481,0.041153
gcc, -Ofast -march=native -funroll-loops -floop-block,0.7095,4.065169,0.032646,0.041326
gcc, -Ofast -march=native -funroll-loops -floop-block,0.680638,3.943547,0.032498,0.041176
gcc, -Ofast -march=native -funroll-loops -floop-block,0.657744,3.907815,0.032519,0.041205
gcc, -Ofast -march=native -funroll-loops -floop-block,0.672766,3.962603,0.032592,0.041274
gcc, -Ofast -march=native -funroll-loops -floop-block,0.680562,3.935539,0.032368,0.041006
gcc, -Ofast -march=native -ffast-math -funroll-loops -floop-block,0.67729,4.062775,0.032589,0.041296
gcc, -Ofast -march=native -ffast-math -funroll-loops -floop-block,0.606944,4.193649,0.032784,0.041482
gcc, -Ofast -march=native -ffast-math -funroll-loops -floop-block,0.706737,4.172922,0.0324,0.041003
gcc, -Ofast -march=native -ffast-math -funroll-loops -floop-block,0.63742,3.724745,0.03253,0.041197
gcc, -Ofast -march=native -ffast-math -funroll-loops -floop-block,0.676457,3.880973,0.032616,0.04133
gcc, -Ofast -march=native -ffast-math -funroll-loops -floop-block,0.679407,3.939348,0.03262,0.041251
gcc, -Ofast -march=native -ffast-math -funroll-loops -floop-block,0.62561,3.699755,0.032721,0.041407
gcc, -Ofast -march=native -ffast-math -funroll-loops -floop-block,0.6281,3.67037,0.032486,0.041148
gcc, -Ofast -march=native -ffast-math -funroll-loops -floop-block,0.673974,3.964042,0.032591,0.041297
gcc, -Ofast -march=native -ffast-math -funroll-loops -floop-block,0.61239,3.67894,0.032523,0.041133
